Entry_No,Posting_Date,Document_Type,Document_No,External_Document_No,Transaction_No,G_L_Account_No,Description,Amount,Debit_Amount,Credit_Amount,Source_Code,Source_Type,Source_No,Dimension_Set_ID,Global_Dimension_1_Code,Global_Dimension_2_Code,Business_Unit_Code,IC_Partner_Code,User_ID,Reversed,Reversed_by_Entry_No,Reversed_Entry_No
1,2026-01-31,,WB-2026-01,,1,B10115,Funds Awaiting Capitalisation,-199605700.0,0,199605700.0,WORKBOOK,,,0,,,,,RESEED_CONSOLIDATED_ACCOUNTS,false,,
2,2026-01-31,,WB-2026-01,,2,B10120,Ord.Share Capital,-100394300.0,0,100394300.0,WORKBOOK,,,0,,,,,RESEED_CONSOLIDATED_ACCOUNTS,false,,
3,2026-01-31,,WB-2026-01,,3,B15110,Distr.Reser-Retained Inc,150668510.67,150668510.67,0,WORKBOOK,,,0,,,,,RESEED_CONSOLIDATED_ACCOUNTS,false,,
4,2026-01-31,,WB-2026-01,,4,B35170,Furn-Cost Open Balance,3565445.0,3565445.0,0,WORKBOOK,,,0,,,,,RESEED_CONSOLIDATED_ACCOUNTS,false,,
5,2026-01-31,,WB-2026-01,,5,B35200,Furn Accum-Depreciation,-2679647.02,0,2679647.02,WORKBOOK,,,0,,,,,RESEED_CONSOLIDATED_ACCOUNTS,false,,
6,2026-01-31,,WB-2026-01,,6,B35210,Equip-Cost Open Balance,10077288.0,10077288.0,0,WORKBOOK,,,0,,,,,RESEED_CONSOLIDATED_ACCOUNTS,false,,
7,2026-01-31,,WB-2026-01,,7,B35240,Equip Accum-Depr,-4279265.5,0,4279265.5,WORKBOOK,,,0,,,,,RESEED_CONSOLIDATED_ACCOUNTS,false,,
8,2026-01-31,,WB-2026-01,,8,B35420,Deferred Tax,-446431.93,0,446431.93,WORKBOOK,,,0,,,,,RESEED_CONSOLIDATED_ACCOUNTS,false,,
9,2026-01-31,,WB-2026-01,,9,B55110,Other Receivable,180000.0,180000.0,0,WORKBOOK,,,0,,,,,RESEED_CONSOLIDATED_ACCOUNTS,false,,
10,2026-01-31,,WB-2026-01,,10,B55150,Drs-Gen.Bad Debt Prov.,-19622659.0,0,19622659.0,WORKBOOK,,,0,,,,,RESEED_CONSOLIDATED_ACCOUNTS,false,,
11,2026-01-31,,WB-2026-01,,11,B55340,Interest Receivable,499945.06,499945.06,0,WORKBOOK,,,0,,,,,RESEED_CONSOLIDATED_ACCOUNTS,false,,
12,2026-01-31,,WB-2026-01,,12,B55400,Drs Prepaid - Insurance Other,579189.61,579189.61,0,WORKBOOK,,,0,,,,,RESEED_CONSOLIDATED_ACCOUNTS,false,,
13,2026-01-31,,WB-2026-01,,13,B55422,Due to/from ZAAC TZ,192576474.82,192576474.82,0,WORKBOOK,,,0,,,,,RESEED_CONSOLIDATED_ACCOUNTS,false,,
14,2026-01-31,,WB-2026-01,,14,B55425,Due from/to ZATL,-155517269.52,0,155517269.52,WORKBOOK,,,0,,,,,RESEED_CONSOLIDATED_ACCOUNTS,false,,
15,2026-01-31,,WB-2026-01,,15,B55427,Due from/to ZAAC Zanzibar,-37059312.0,0,37059312.0,WORKBOOK,,,0,,,,,RESEED_CONSOLIDATED_ACCOUNTS,false,,
16,2026-01-31,,WB-2026-01,,16,B55450,Due from Shareholders,100394300.0,100394300.0,0,WORKBOOK,,,0,,,,,RESEED_CONSOLIDATED_ACCOUNTS,false,,
17,2026-01-31,,WB-2026-01,,17,B55480,Drs-Income Control,31087809.0,31087809.0,0,WORKBOOK,,,0,,,,,RESEED_CONSOLIDATED_ACCOUNTS,false,,
18,2026-01-31,,WB-2026-01,,18,B55490,DUE TO/FROM ZAMARA HOLDING CO.,199605700.0,199605700.0,0,WORKBOOK,,,0,,,,,RESEED_CONSOLIDATED_ACCOUNTS,false,,
19,2026-01-31,,WB-2026-01,,19,B55570,Due to/from ZAAC,-237124405.74,0,237124405.74,WORKBOOK,,,0,,,,,RESEED_CONSOLIDATED_ACCOUNTS,false,,
20,2026-01-31,,WB-2026-01,,20,B60190,PETTY CASH - OFFICE,1105184.48,1105184.48,0,WORKBOOK,,,0,,,,,RESEED_CONSOLIDATED_ACCOUNTS,false,,
21,2026-01-31,,WB-2026-01,,21,B60260,UBA Office Account,23167296.42,23167296.42,0,WORKBOOK,,,0,,,,,RESEED_CONSOLIDATED_ACCOUNTS,false,,
22,2026-01-31,,WB-2026-01,,22,B65150,Fixed Deposit Account,10000000.0,10000000.0,0,WORKBOOK,,,0,,,,,RESEED_CONSOLIDATED_ACCOUNTS,false,,
23,2026-01-31,,WB-2026-01,,23,B65180,Debtors Prepaid other,14691249.67,14691249.67,0,WORKBOOK,,,0,,,,,RESEED_CONSOLIDATED_ACCOUNTS,false,,
24,2026-01-31,,WB-2026-01,,24,B65290,Withholding Income Tax - 5%,38912308.14,38912308.14,0,WORKBOOK,,,0,,,,,RESEED_CONSOLIDATED_ACCOUNTS,false,,
25,2026-01-31,,WB-2026-01,,25,B70193,Withholding tax - 15%,281250.0,281250.0,0,WORKBOOK,,,0,,,,,RESEED_CONSOLIDATED_ACCOUNTS,false,,
26,2026-01-31,,WB-2026-01,,26,B70220,National Social Security Fund,-1216607.4,0,1216607.4,WORKBOOK,,,0,,,,,RESEED_CONSOLIDATED_ACCOUNTS,false,,
27,2026-01-31,,WB-2026-01,,27,B70230,Paymaster General (PAYE,-1313800.86,0,1313800.86,WORKBOOK,,,0,,,,,RESEED_CONSOLIDATED_ACCOUNTS,false,,
28,2026-01-31,,WB-2026-01,,28,B70235,Salaries and Wages,-0.1,0,0.1,WORKBOOK,,,0,,,,,RESEED_CONSOLIDATED_ACCOUNTS,false,,
29,2026-01-31,,WB-2026-01,,29,B70280,Prov-Sundries,-19576306.38,0,19576306.38,WORKBOOK,,,0,,,,,RESEED_CONSOLIDATED_ACCOUNTS,false,,
30,2026-01-31,,WB-2026-01,,30,B70340,CRS-Trade (Operating),-407531.97,0,407531.97,WORKBOOK,,,0,,,,,RESEED_CONSOLIDATED_ACCOUNTS,false,,
31,2026-01-31,,WB-2026-01,,31,B75120,Tax Provision-Other,-18902604.19,0,18902604.19,WORKBOOK,,,0,,,,,RESEED_CONSOLIDATED_ACCOUNTS,false,,
32,2026-01-31,,WB-2026-01,,32,B80140,Current Tax,150000.0,150000.0,0,WORKBOOK,,,0,,,,,RESEED_CONSOLIDATED_ACCOUNTS,false,,
33,2026-01-31,,WB-2026-01,,33,B80170,VAT Control Account,2120025.14,2120025.14,0,WORKBOOK,,,0,,,,,RESEED_CONSOLIDATED_ACCOUNTS,false,,
34,2026-01-31,,WB-2026-01,,34,I10094,Other Incomes,-47472.56,0,47472.56,WORKBOOK,,,0,,,,,RESEED_CONSOLIDATED_ACCOUNTS,false,,
35,2026-01-31,,WB-2026-01,,35,I25001,Emol.Pack-Salaries,6113037.86,6113037.86,0,WORKBOOK,,,0,,,,,RESEED_CONSOLIDATED_ACCOUNTS,false,,
36,2026-01-31,,WB-2026-01,,36,I25004,Emol.Pack-Pens.Contribut.,608303.79,608303.79,0,WORKBOOK,,,0,,,,,RESEED_CONSOLIDATED_ACCOUNTS,false,,
37,2026-01-31,,WB-2026-01,,37,I25012,WCA,30414.81,30414.81,0,WORKBOOK,,,0,,,,,RESEED_CONSOLIDATED_ACCOUNTS,false,,
38,2026-01-31,,WB-2026-01,,38,I25071,Prem-Cleaning,150000.0,150000.0,0,WORKBOOK,,,0,,,,,RESEED_CONSOLIDATED_ACCOUNTS,false,,
39,2026-01-31,,WB-2026-01,,39,I25072,Prem-Electricity,230000.0,230000.0,0,WORKBOOK,,,0,,,,,RESEED_CONSOLIDATED_ACCOUNTS,false,,
40,2026-01-31,,WB-2026-01,,40,I25074,Prem-Rates,220500.0,220500.0,0,WORKBOOK,,,0,,,,,RESEED_CONSOLIDATED_ACCOUNTS,false,,
41,2026-01-31,,WB-2026-01,,41,I25079,Prem-Rental(EXTERNAL),882000.0,882000.0,0,WORKBOOK,,,0,,,,,RESEED_CONSOLIDATED_ACCOUNTS,false,,
42,2026-01-31,,WB-2026-01,,42,I25080,Prem-Parking(EXTERNAL),300000.0,300000.0,0,WORKBOOK,,,0,,,,,RESEED_CONSOLIDATED_ACCOUNTS,false,,
43,2026-01-31,,WB-2026-01,,43,I25114,Stationery-General,1035000.0,1035000.0,0,WORKBOOK,,,0,,,,,RESEED_CONSOLIDATED_ACCOUNTS,false,,
44,2026-01-31,,WB-2026-01,,44,I25141,Prof.Fees-Audit Fees,625000.0,625000.0,0,WORKBOOK,,,0,,,,,RESEED_CONSOLIDATED_ACCOUNTS,false,,
45,2026-01-31,,WB-2026-01,,45,I25142,Prof.Fees-Directors Fees,3750000.0,3750000.0,0,WORKBOOK,,,0,,,,,RESEED_CONSOLIDATED_ACCOUNTS,false,,
46,2026-01-31,,WB-2026-01,,46,I25232,Telephone-Variable,345000.0,345000.0,0,WORKBOOK,,,0,,,,,RESEED_CONSOLIDATED_ACCOUNTS,false,,
47,2026-01-31,,WB-2026-01,,47,I25264,Furn-Depreciation,12476.04,12476.04,0,WORKBOOK,,,0,,,,,RESEED_CONSOLIDATED_ACCOUNTS,false,,
48,2026-01-31,,WB-2026-01,,48,I25265,Equip-Depreciation,209943.5,209943.5,0,WORKBOOK,,,0,,,,,RESEED_CONSOLIDATED_ACCOUNTS,false,,
49,2026-01-31,,WB-2026-01,,49,I25352,Penalties,205450.0,205450.0,0,WORKBOOK,,,0,,,,,RESEED_CONSOLIDATED_ACCOUNTS,false,,
50,2026-01-31,,WB-2026-01,,50,I25358,Subscriptions General,10416.67,10416.67,0,WORKBOOK,,,0,,,,,RESEED_CONSOLIDATED_ACCOUNTS,false,,
51,2026-01-31,,WB-2026-01,,51,I25360,Bank Charges,207268.9,207268.9,0,WORKBOOK,,,0,,,,,RESEED_CONSOLIDATED_ACCOUNTS,false,,
52,2026-01-31,,WB-2026-01,,52,I25367,Summary:Gen Exp Other,649500.0,649500.0,0,WORKBOOK,,,0,,,,,RESEED_CONSOLIDATED_ACCOUNTS,false,,
53,2026-01-31,,WB-2026-01,,53,I25381,Management Fees,2165130.54,2165130.54,0,WORKBOOK,,,0,,,,,RESEED_CONSOLIDATED_ACCOUNTS,false,,
54,2026-01-31,,WB-2026-01,,54,I25401,Insurance-P.I.,718195.05,718195.05,0,WORKBOOK,,,0,,,,,RESEED_CONSOLIDATED_ACCOUNTS,false,,
55,2026-01-31,,WB-2026-01,,55,I25428,Software Maintenance,13700.0,13700.0,0,WORKBOOK,,,0,,,,,RESEED_CONSOLIDATED_ACCOUNTS,false,,
56,2026-01-31,,WB-2026-01,,56,I25455,MV - Leasing Costs (non personnel),50000.0,50000.0,0,WORKBOOK,,,0,,,,,RESEED_CONSOLIDATED_ACCOUNTS,false,,
57,2026-02-28,,WB-2026-02,,57,B35170,Furn-Cost Open Balance,30280977.0,30280977.0,0,WORKBOOK,,,0,,,,,RESEED_CONSOLIDATED_ACCOUNTS,false,,
58,2026-02-28,,WB-2026-02,,58,B35200,Furn Accum-Depreciation,-30293451.04,0,30293451.04,WORKBOOK,,,0,,,,,RESEED_CONSOLIDATED_ACCOUNTS,false,,
59,2026-02-28,,WB-2026-02,,59,B35210,Equip-Cost Open Balance,2367745.0,2367745.0,0,WORKBOOK,,,0,,,,,RESEED_CONSOLIDATED_ACCOUNTS,false,,
60,2026-02-28,,WB-2026-02,,60,B35240,Equip Accum-Depr,-2577689.5,0,2577689.5,WORKBOOK,,,0,,,,,RESEED_CONSOLIDATED_ACCOUNTS,false,,
61,2026-02-28,,WB-2026-02,,61,B55340,Interest Receivable,-539381.87,0,539381.87,WORKBOOK,,,0,,,,,RESEED_CONSOLIDATED_ACCOUNTS,false,,
62,2026-02-28,,WB-2026-02,,62,B55400,Drs Prepaid - Insurance Other,7807475.28,7807475.28,0,WORKBOOK,,,0,,,,,RESEED_CONSOLIDATED_ACCOUNTS,false,,
63,2026-02-28,,WB-2026-02,,63,B55422,Due to/from ZAAC TZ,30000.0,30000.0,0,WORKBOOK,,,0,,,,,RESEED_CONSOLIDATED_ACCOUNTS,false,,
64,2026-02-28,,WB-2026-02,,64,B55425,Due from/to ZATL,-30000.0,0,30000.0,WORKBOOK,,,0,,,,,RESEED_CONSOLIDATED_ACCOUNTS,false,,
65,2026-02-28,,WB-2026-02,,65,B55480,Drs-Income Control,24796130.55,24796130.55,0,WORKBOOK,,,0,,,,,RESEED_CONSOLIDATED_ACCOUNTS,false,,
66,2026-02-28,,WB-2026-02,,66,B55570,Due to/from ZAAC,-2219059.19,0,2219059.19,WORKBOOK,,,0,,,,,RESEED_CONSOLIDATED_ACCOUNTS,false,,
67,2026-02-28,,WB-2026-02,,67,B60190,PETTY CASH - OFFICE,-3191589.64,0,3191589.64,WORKBOOK,,,0,,,,,RESEED_CONSOLIDATED_ACCOUNTS,false,,
68,2026-02-28,,WB-2026-02,,68,B60260,UBA Office Account,-2518226.03,0,2518226.03,WORKBOOK,,,0,,,,,RESEED_CONSOLIDATED_ACCOUNTS,false,,
69,2026-02-28,,WB-2026-02,,69,B65180,Debtors Prepaid other,-24116.67,0,24116.67,WORKBOOK,,,0,,,,,RESEED_CONSOLIDATED_ACCOUNTS,false,,
70,2026-02-28,,WB-2026-02,,70,B70230,Paymaster General (PAYE,-0.01,0,0.01,WORKBOOK,,,0,,,,,RESEED_CONSOLIDATED_ACCOUNTS,false,,
71,2026-02-28,,WB-2026-02,,71,B70280,Prov-Sundries,-1727500.0,0,1727500.0,WORKBOOK,,,0,,,,,RESEED_CONSOLIDATED_ACCOUNTS,false,,
72,2026-02-28,,WB-2026-02,,72,B75120,Tax Provision-Other,6380907.36,6380907.36,0,WORKBOOK,,,0,,,,,RESEED_CONSOLIDATED_ACCOUNTS,false,,
73,2026-02-28,,WB-2026-02,,73,B80170,VAT Control Account,-5698843.43,0,5698843.43,WORKBOOK,,,0,,,,,RESEED_CONSOLIDATED_ACCOUNTS,false,,
74,2026-02-28,,WB-2026-02,,74,I10060,Actuarial - Once-off,-41128241.29,0,41128241.29,WORKBOOK,,,0,,,,,RESEED_CONSOLIDATED_ACCOUNTS,false,,
75,2026-02-28,,WB-2026-02,,75,I10094,Other Incomes,47472.56,47472.56,0,WORKBOOK,,,0,,,,,RESEED_CONSOLIDATED_ACCOUNTS,false,,
76,2026-02-28,,WB-2026-02,,76,I10121,Interest Income,-48090.69,0,48090.69,WORKBOOK,,,0,,,,,RESEED_CONSOLIDATED_ACCOUNTS,false,,
77,2026-02-28,,WB-2026-02,,77,I25001,Emol.Pack-Salaries,6113037.86,6113037.86,0,WORKBOOK,,,0,,,,,RESEED_CONSOLIDATED_ACCOUNTS,false,,
78,2026-02-28,,WB-2026-02,,78,I25002,Emol.Pack-Other,165000.0,165000.0,0,WORKBOOK,,,0,,,,,RESEED_CONSOLIDATED_ACCOUNTS,false,,
79,2026-02-28,,WB-2026-02,,79,I25004,Emol.Pack-Pens.Contribut.,608303.79,608303.79,0,WORKBOOK,,,0,,,,,RESEED_CONSOLIDATED_ACCOUNTS,false,,
80,2026-02-28,,WB-2026-02,,80,I25012,WCA,30415.19,30415.19,0,WORKBOOK,,,0,,,,,RESEED_CONSOLIDATED_ACCOUNTS,false,,
81,2026-02-28,,WB-2026-02,,81,I25071,Prem-Cleaning,150000.0,150000.0,0,WORKBOOK,,,0,,,,,RESEED_CONSOLIDATED_ACCOUNTS,false,,
82,2026-02-28,,WB-2026-02,,82,I25072,Prem-Electricity,187000.0,187000.0,0,WORKBOOK,,,0,,,,,RESEED_CONSOLIDATED_ACCOUNTS,false,,
83,2026-02-28,,WB-2026-02,,83,I25074,Prem-Rates,220500.0,220500.0,0,WORKBOOK,,,0,,,,,RESEED_CONSOLIDATED_ACCOUNTS,false,,
84,2026-02-28,,WB-2026-02,,84,I25079,Prem-Rental(EXTERNAL),882000.0,882000.0,0,WORKBOOK,,,0,,,,,RESEED_CONSOLIDATED_ACCOUNTS,false,,
85,2026-02-28,,WB-2026-02,,85,I25114,Stationery-General,213000.0,213000.0,0,WORKBOOK,,,0,,,,,RESEED_CONSOLIDATED_ACCOUNTS,false,,
86,2026-02-28,,WB-2026-02,,86,I25141,Prof.Fees-Audit Fees,625000.0,625000.0,0,WORKBOOK,,,0,,,,,RESEED_CONSOLIDATED_ACCOUNTS,false,,
87,2026-02-28,,WB-2026-02,,87,I25142,Prof.Fees-Directors Fees,3750000.0,3750000.0,0,WORKBOOK,,,0,,,,,RESEED_CONSOLIDATED_ACCOUNTS,false,,
88,2026-02-28,,WB-2026-02,,88,I25232,Telephone-Variable,1035000.0,1035000.0,0,WORKBOOK,,,0,,,,,RESEED_CONSOLIDATED_ACCOUNTS,false,,
89,2026-02-28,,WB-2026-02,,89,I25264,Furn-Depreciation,12476.04,12476.04,0,WORKBOOK,,,0,,,,,RESEED_CONSOLIDATED_ACCOUNTS,false,,
90,2026-02-28,,WB-2026-02,,90,I25265,Equip-Depreciation,209943.5,209943.5,0,WORKBOOK,,,0,,,,,RESEED_CONSOLIDATED_ACCOUNTS,false,,
91,2026-02-28,,WB-2026-02,,91,I25358,Subscriptions General,10416.67,10416.67,0,WORKBOOK,,,0,,,,,RESEED_CONSOLIDATED_ACCOUNTS,false,,
92,2026-02-28,,WB-2026-02,,92,I25360,Bank Charges,370105.65,370105.65,0,WORKBOOK,,,0,,,,,RESEED_CONSOLIDATED_ACCOUNTS,false,,
93,2026-02-28,,WB-2026-02,,93,I25367,Summary:Gen Exp Other,665000.0,665000.0,0,WORKBOOK,,,0,,,,,RESEED_CONSOLIDATED_ACCOUNTS,false,,
94,2026-02-28,,WB-2026-02,,94,I25381,Management Fees,2219059.19,2219059.19,0,WORKBOOK,,,0,,,,,RESEED_CONSOLIDATED_ACCOUNTS,false,,
95,2026-02-28,,WB-2026-02,,95,I25401,Insurance-P.I.,625524.72,625524.72,0,WORKBOOK,,,0,,,,,RESEED_CONSOLIDATED_ACCOUNTS,false,,
96,2026-02-28,,WB-2026-02,,96,I25428,Software Maintenance,13700.0,13700.0,0,WORKBOOK,,,0,,,,,RESEED_CONSOLIDATED_ACCOUNTS,false,,
97,2026-02-28,,WB-2026-02,,97,I25455,MV - Leasing Costs (non personnel),180000.0,180000.0,0,WORKBOOK,,,0,,,,,RESEED_CONSOLIDATED_ACCOUNTS,false,,
98,2026-03-31,,WB-2026-03,,98,B15110,Distr.Reser-Retained Inc,-62740405.42,0,62740405.42,WORKBOOK,,,0,,,,,RESEED_CONSOLIDATED_ACCOUNTS,false,,
99,2026-03-31,,WB-2026-03,,99,B35200,Furn Accum-Depreciation,-12477.04,0,12477.04,WORKBOOK,,,0,,,,,RESEED_CONSOLIDATED_ACCOUNTS,false,,
100,2026-03-31,,WB-2026-03,,100,B35240,Equip Accum-Depr,-209942.5,0,209942.5,WORKBOOK,,,0,,,,,RESEED_CONSOLIDATED_ACCOUNTS,false,,
101,2026-03-31,,WB-2026-03,,101,B35420,Deferred Tax,23873991.0,23873991.0,0,WORKBOOK,,,0,,,,,RESEED_CONSOLIDATED_ACCOUNTS,false,,
102,2026-03-31,,WB-2026-03,,102,B35421,Due from/to directors,-4760000.0,0,4760000.0,WORKBOOK,,,0,,,,,RESEED_CONSOLIDATED_ACCOUNTS,false,,
103,2026-03-31,,WB-2026-03,,103,B55150,Drs-Gen.Bad Debt Prov.,-15563726.0,0,15563726.0,WORKBOOK,,,0,,,,,RESEED_CONSOLIDATED_ACCOUNTS,false,,
104,2026-03-31,,WB-2026-03,,104,B55340,Interest Receivable,64656.59,64656.59,0,WORKBOOK,,,0,,,,,RESEED_CONSOLIDATED_ACCOUNTS,false,,
105,2026-03-31,,WB-2026-03,,105,B55400,Drs Prepaid - Insurance Other,-718195.05,0,718195.05,WORKBOOK,,,0,,,,,RESEED_CONSOLIDATED_ACCOUNTS,false,,
106,2026-03-31,,WB-2026-03,,106,B55422,Due to/from ZAAC TZ,50000.0,50000.0,0,WORKBOOK,,,0,,,,,RESEED_CONSOLIDATED_ACCOUNTS,false,,
107,2026-03-31,,WB-2026-03,,107,B55425,Due from/to ZATL,-50000.0,0,50000.0,WORKBOOK,,,0,,,,,RESEED_CONSOLIDATED_ACCOUNTS,false,,
108,2026-03-31,,WB-2026-03,,108,B55480,Drs-Income Control,21595132.22,21595132.22,0,WORKBOOK,,,0,,,,,RESEED_CONSOLIDATED_ACCOUNTS,false,,
109,2026-03-31,,WB-2026-03,,109,B55570,Due to/from ZAAC,-2249404.86,0,2249404.86,WORKBOOK,,,0,,,,,RESEED_CONSOLIDATED_ACCOUNTS,false,,
110,2026-03-31,,WB-2026-03,,110,B60190,PETTY CASH - OFFICE,1006664.41,1006664.41,0,WORKBOOK,,,0,,,,,RESEED_CONSOLIDATED_ACCOUNTS,false,,
111,2026-03-31,,WB-2026-03,,111,B60260,UBA Office Account,21386583.15,21386583.15,0,WORKBOOK,,,0,,,,,RESEED_CONSOLIDATED_ACCOUNTS,false,,
112,2026-03-31,,WB-2026-03,,112,B65180,Debtors Prepaid other,-14286933.34,0,14286933.34,WORKBOOK,,,0,,,,,RESEED_CONSOLIDATED_ACCOUNTS,false,,
113,2026-03-31,,WB-2026-03,,113,B65290,Withholding Income Tax - 5%,1347904.83,1347904.83,0,WORKBOOK,,,0,,,,,RESEED_CONSOLIDATED_ACCOUNTS,false,,
114,2026-03-31,,WB-2026-03,,114,B70193,Withholding tax - 15%,1125000.0,1125000.0,0,WORKBOOK,,,0,,,,,RESEED_CONSOLIDATED_ACCOUNTS,false,,
115,2026-03-31,,WB-2026-03,,115,B70220,National Social Security Fund,2433214.81,2433214.81,0,WORKBOOK,,,0,,,,,RESEED_CONSOLIDATED_ACCOUNTS,false,,
116,2026-03-31,,WB-2026-03,,116,B70230,Paymaster General (PAYE,2632321.96,2632321.96,0,WORKBOOK,,,0,,,,,RESEED_CONSOLIDATED_ACCOUNTS,false,,
117,2026-03-31,,WB-2026-03,,117,B70280,Prov-Sundries,24032840.68,24032840.68,0,WORKBOOK,,,0,,,,,RESEED_CONSOLIDATED_ACCOUNTS,false,,
118,2026-03-31,,WB-2026-03,,118,B70340,CRS-Trade (Operating),-963768.03,0,963768.03,WORKBOOK,,,0,,,,,RESEED_CONSOLIDATED_ACCOUNTS,false,,
119,2026-03-31,,WB-2026-03,,119,B75120,Tax Provision-Other,24831333.01,24831333.01,0,WORKBOOK,,,0,,,,,RESEED_CONSOLIDATED_ACCOUNTS,false,,
120,2026-03-31,,WB-2026-03,,120,B80170,VAT Control Account,17073757.3,17073757.3,0,WORKBOOK,,,0,,,,,RESEED_CONSOLIDATED_ACCOUNTS,false,,
121,2026-03-31,,WB-2026-03,,121,I10060,Actuarial - Once-off,-58576504.0,0,58576504.0,WORKBOOK,,,0,,,,,RESEED_CONSOLIDATED_ACCOUNTS,false,,
122,2026-03-31,,WB-2026-03,,122,I10121,Interest Income,-64656.59,0,64656.59,WORKBOOK,,,0,,,,,RESEED_CONSOLIDATED_ACCOUNTS,false,,
123,2026-03-31,,WB-2026-03,,123,I25001,Emol.Pack-Salaries,6113037.86,6113037.86,0,WORKBOOK,,,0,,,,,RESEED_CONSOLIDATED_ACCOUNTS,false,,
124,2026-03-31,,WB-2026-03,,124,I25004,Emol.Pack-Pens.Contribut.,608303.79,608303.79,0,WORKBOOK,,,0,,,,,RESEED_CONSOLIDATED_ACCOUNTS,false,,
125,2026-03-31,,WB-2026-03,,125,I25012,WCA,34252.0,34252.0,0,WORKBOOK,,,0,,,,,RESEED_CONSOLIDATED_ACCOUNTS,false,,
126,2026-03-31,,WB-2026-03,,126,I25071,Prem-Cleaning,150000.0,150000.0,0,WORKBOOK,,,0,,,,,RESEED_CONSOLIDATED_ACCOUNTS,false,,
127,2026-03-31,,WB-2026-03,,127,I25072,Prem-Electricity,170000.0,170000.0,0,WORKBOOK,,,0,,,,,RESEED_CONSOLIDATED_ACCOUNTS,false,,
128,2026-03-31,,WB-2026-03,,128,I25074,Prem-Rates,220500.0,220500.0,0,WORKBOOK,,,0,,,,,RESEED_CONSOLIDATED_ACCOUNTS,false,,
129,2026-03-31,,WB-2026-03,,129,I25079,Prem-Rental(EXTERNAL),882000.0,882000.0,0,WORKBOOK,,,0,,,,,RESEED_CONSOLIDATED_ACCOUNTS,false,,
130,2026-03-31,,WB-2026-03,,130,I25114,Stationery-General,1138000.0,1138000.0,0,WORKBOOK,,,0,,,,,RESEED_CONSOLIDATED_ACCOUNTS,false,,
131,2026-03-31,,WB-2026-03,,131,I25141,Prof.Fees-Audit Fees,625000.0,625000.0,0,WORKBOOK,,,0,,,,,RESEED_CONSOLIDATED_ACCOUNTS,false,,
132,2026-03-31,,WB-2026-03,,132,I25145,Prof.Fees-Other,575000.0,575000.0,0,WORKBOOK,,,0,,,,,RESEED_CONSOLIDATED_ACCOUNTS,false,,
133,2026-03-31,,WB-2026-03,,133,I25182,Trav. Accom.,2967500.0,2967500.0,0,WORKBOOK,,,0,,,,,RESEED_CONSOLIDATED_ACCOUNTS,false,,
134,2026-03-31,,WB-2026-03,,134,I25264,Furn-Depreciation,12476.04,12476.04,0,WORKBOOK,,,0,,,,,RESEED_CONSOLIDATED_ACCOUNTS,false,,
135,2026-03-31,,WB-2026-03,,135,I25265,Equip-Depreciation,209943.5,209943.5,0,WORKBOOK,,,0,,,,,RESEED_CONSOLIDATED_ACCOUNTS,false,,
136,2026-03-31,,WB-2026-03,,136,I25291,Entertainment-(IN TOWN),161500.0,161500.0,0,WORKBOOK,,,0,,,,,RESEED_CONSOLIDATED_ACCOUNTS,false,,
137,2026-03-31,,WB-2026-03,,137,I25358,Subscriptions General,10416.67,10416.67,0,WORKBOOK,,,0,,,,,RESEED_CONSOLIDATED_ACCOUNTS,false,,
138,2026-03-31,,WB-2026-03,,138,I25360,Bank Charges,240800.0,240800.0,0,WORKBOOK,,,0,,,,,RESEED_CONSOLIDATED_ACCOUNTS,false,,
139,2026-03-31,,WB-2026-03,,139,I25367,Summary:Gen Exp Other,1492583.0,1492583.0,0,WORKBOOK,,,0,,,,,RESEED_CONSOLIDATED_ACCOUNTS,false,,
140,2026-03-31,,WB-2026-03,,140,I25381,Management Fees,2249404.86,2249404.86,0,WORKBOOK,,,0,,,,,RESEED_CONSOLIDATED_ACCOUNTS,false,,
141,2026-03-31,,WB-2026-03,,141,I25401,Insurance-P.I.,718195.05,718195.05,0,WORKBOOK,,,0,,,,,RESEED_CONSOLIDATED_ACCOUNTS,false,,
142,2026-03-31,,WB-2026-03,,142,I25428,Software Maintenance,13700.0,13700.0,0,WORKBOOK,,,0,,,,,RESEED_CONSOLIDATED_ACCOUNTS,false,,
143,2026-03-31,,WB-2026-03,,143,I25455,MV - Leasing Costs (non personnel),150000.0,150000.0,0,WORKBOOK,,,0,,,,,RESEED_CONSOLIDATED_ACCOUNTS,false,,
144,2026-04-30,,WB-2026-04,,144,B15110,Distr.Reser-Retained Inc,64454767.75,64454767.75,0,WORKBOOK,,,0,,,,,RESEED_CONSOLIDATED_ACCOUNTS,false,,
145,2026-04-30,,WB-2026-04,,145,B35200,Furn Accum-Depreciation,-12475.04,0,12475.04,WORKBOOK,,,0,,,,,RESEED_CONSOLIDATED_ACCOUNTS,false,,
146,2026-04-30,,WB-2026-04,,146,B35240,Equip Accum-Depr,-209943.5,0,209943.5,WORKBOOK,,,0,,,,,RESEED_CONSOLIDATED_ACCOUNTS,false,,
147,2026-04-30,,WB-2026-04,,147,B35420,Deferred Tax,4669119.34,4669119.34,0,WORKBOOK,,,0,,,,,RESEED_CONSOLIDATED_ACCOUNTS,false,,
148,2026-04-30,,WB-2026-04,,148,B55340,Interest Receivable,80851.65,80851.65,0,WORKBOOK,,,0,,,,,RESEED_CONSOLIDATED_ACCOUNTS,false,,
149,2026-04-30,,WB-2026-04,,149,B55400,Drs Prepaid - Insurance Other,-7668469.84,0,7668469.84,WORKBOOK,,,0,,,,,RESEED_CONSOLIDATED_ACCOUNTS,false,,
150,2026-04-30,,WB-2026-04,,150,B55422,Due to/from ZAAC TZ,30000.0,30000.0,0,WORKBOOK,,,0,,,,,RESEED_CONSOLIDATED_ACCOUNTS,false,,
151,2026-04-30,,WB-2026-04,,151,B55425,Due from/to ZATL,-30000.0,0,30000.0,WORKBOOK,,,0,,,,,RESEED_CONSOLIDATED_ACCOUNTS,false,,
152,2026-04-30,,WB-2026-04,,152,B55480,Drs-Income Control,191971.54,191971.54,0,WORKBOOK,,,0,,,,,RESEED_CONSOLIDATED_ACCOUNTS,false,,
153,2026-04-30,,WB-2026-04,,153,B55570,Due to/from ZAAC,-2267196.09,0,2267196.09,WORKBOOK,,,0,,,,,RESEED_CONSOLIDATED_ACCOUNTS,false,,
154,2026-04-30,,WB-2026-04,,154,B60190,PETTY CASH - OFFICE,4065220.22,4065220.22,0,WORKBOOK,,,0,,,,,RESEED_CONSOLIDATED_ACCOUNTS,false,,
155,2026-04-30,,WB-2026-04,,155,B60260,UBA Office Account,19156750.8,19156750.8,0,WORKBOOK,,,0,,,,,RESEED_CONSOLIDATED_ACCOUNTS,false,,
156,2026-04-30,,WB-2026-04,,156,B65180,Debtors Prepaid other,6959742.37,6959742.37,0,WORKBOOK,,,0,,,,,RESEED_CONSOLIDATED_ACCOUNTS,false,,
157,2026-04-30,,WB-2026-04,,157,B65290,Withholding Income Tax - 5%,1025174.56,1025174.56,0,WORKBOOK,,,0,,,,,RESEED_CONSOLIDATED_ACCOUNTS,false,,
158,2026-04-30,,WB-2026-04,,158,B70193,Withholding tax - 15%,-1125000.0,0,1125000.0,WORKBOOK,,,0,,,,,RESEED_CONSOLIDATED_ACCOUNTS,false,,
159,2026-04-30,,WB-2026-04,,159,B70220,National Social Security Fund,-2433214.82,0,2433214.82,WORKBOOK,,,0,,,,,RESEED_CONSOLIDATED_ACCOUNTS,false,,
160,2026-04-30,,WB-2026-04,,160,B70230,Paymaster General (PAYE,-2637462.4,0,2637462.4,WORKBOOK,,,0,,,,,RESEED_CONSOLIDATED_ACCOUNTS,false,,
161,2026-04-30,,WB-2026-04,,161,B70235,Salaries and Wages,0.1,0.1,0,WORKBOOK,,,0,,,,,RESEED_CONSOLIDATED_ACCOUNTS,false,,
162,2026-04-30,,WB-2026-04,,162,B70280,Prov-Sundries,-25204507.35,0,25204507.35,WORKBOOK,,,0,,,,,RESEED_CONSOLIDATED_ACCOUNTS,false,,
163,2026-04-30,,WB-2026-04,,163,B70340,CRS-Trade (Operating),963768.03,963768.03,0,WORKBOOK,,,0,,,,,RESEED_CONSOLIDATED_ACCOUNTS,false,,
164,2026-04-30,,WB-2026-04,,164,B75120,Tax Provision-Other,-22966729.32,0,22966729.32,WORKBOOK,,,0,,,,,RESEED_CONSOLIDATED_ACCOUNTS,false,,
165,2026-04-30,,WB-2026-04,,165,B80170,VAT Control Account,-12500065.96,0,12500065.96,WORKBOOK,,,0,,,,,RESEED_CONSOLIDATED_ACCOUNTS,false,,
166,2026-04-30,,WB-2026-04,,166,I10060,Actuarial - Once-off,-49344610.79,0,49344610.79,WORKBOOK,,,0,,,,,RESEED_CONSOLIDATED_ACCOUNTS,false,,
167,2026-04-30,,WB-2026-04,,167,I10121,Interest Income,-80851.65,0,80851.65,WORKBOOK,,,0,,,,,RESEED_CONSOLIDATED_ACCOUNTS,false,,
168,2026-04-30,,WB-2026-04,,168,I25001,Emol.Pack-Salaries,6113037.86,6113037.86,0,WORKBOOK,,,0,,,,,RESEED_CONSOLIDATED_ACCOUNTS,false,,
169,2026-04-30,,WB-2026-04,,169,I25004,Emol.Pack-Pens.Contribut.,608303.78,608303.78,0,WORKBOOK,,,0,,,,,RESEED_CONSOLIDATED_ACCOUNTS,false,,
170,2026-04-30,,WB-2026-04,,170,I25012,WCA,30415.19,30415.19,0,WORKBOOK,,,0,,,,,RESEED_CONSOLIDATED_ACCOUNTS,false,,
171,2026-04-30,,WB-2026-04,,171,I25071,Prem-Cleaning,150000.0,150000.0,0,WORKBOOK,,,0,,,,,RESEED_CONSOLIDATED_ACCOUNTS,false,,
172,2026-04-30,,WB-2026-04,,172,I25072,Prem-Electricity,86000.0,86000.0,0,WORKBOOK,,,0,,,,,RESEED_CONSOLIDATED_ACCOUNTS,false,,
173,2026-04-30,,WB-2026-04,,173,I25074,Prem-Rates,220500.0,220500.0,0,WORKBOOK,,,0,,,,,RESEED_CONSOLIDATED_ACCOUNTS,false,,
174,2026-04-30,,WB-2026-04,,174,I25079,Prem-Rental(EXTERNAL),882000.0,882000.0,0,WORKBOOK,,,0,,,,,RESEED_CONSOLIDATED_ACCOUNTS,false,,
175,2026-04-30,,WB-2026-04,,175,I25114,Stationery-General,108000.0,108000.0,0,WORKBOOK,,,0,,,,,RESEED_CONSOLIDATED_ACCOUNTS,false,,
176,2026-04-30,,WB-2026-04,,176,I25141,Prof.Fees-Audit Fees,625000.0,625000.0,0,WORKBOOK,,,0,,,,,RESEED_CONSOLIDATED_ACCOUNTS,false,,
177,2026-04-30,,WB-2026-04,,177,I25145,Prof.Fees-Other,191666.67,191666.67,0,WORKBOOK,,,0,,,,,RESEED_CONSOLIDATED_ACCOUNTS,false,,
178,2026-04-30,,WB-2026-04,,178,I25181,Trav. Air Fares,460000.0,460000.0,0,WORKBOOK,,,0,,,,,RESEED_CONSOLIDATED_ACCOUNTS,false,,
179,2026-04-30,,WB-2026-04,,179,I25182,Trav. Accom.,1155000.0,1155000.0,0,WORKBOOK,,,0,,,,,RESEED_CONSOLIDATED_ACCOUNTS,false,,
180,2026-04-30,,WB-2026-04,,180,I25264,Furn-Depreciation,12476.04,12476.04,0,WORKBOOK,,,0,,,,,RESEED_CONSOLIDATED_ACCOUNTS,false,,
181,2026-04-30,,WB-2026-04,,181,I25265,Equip-Depreciation,209943.5,209943.5,0,WORKBOOK,,,0,,,,,RESEED_CONSOLIDATED_ACCOUNTS,false,,
182,2026-04-30,,WB-2026-04,,182,I25291,Entertainment-(IN TOWN),90000.0,90000.0,0,WORKBOOK,,,0,,,,,RESEED_CONSOLIDATED_ACCOUNTS,false,,
183,2026-04-30,,WB-2026-04,,183,I25360,Bank Charges,279220.0,279220.0,0,WORKBOOK,,,0,,,,,RESEED_CONSOLIDATED_ACCOUNTS,false,,
184,2026-04-30,,WB-2026-04,,184,I25367,Summary:Gen Exp Other,10803350.0,10803350.0,0,WORKBOOK,,,0,,,,,RESEED_CONSOLIDATED_ACCOUNTS,false,,
185,2026-04-30,,WB-2026-04,,185,I25381,Management Fees,2267196.09,2267196.09,0,WORKBOOK,,,0,,,,,RESEED_CONSOLIDATED_ACCOUNTS,false,,
186,2026-04-30,,WB-2026-04,,186,I25401,Insurance-P.I.,695027.47,695027.47,0,WORKBOOK,,,0,,,,,RESEED_CONSOLIDATED_ACCOUNTS,false,,
187,2026-04-30,,WB-2026-04,,187,I25428,Software Maintenance,13700.0,13700.0,0,WORKBOOK,,,0,,,,,RESEED_CONSOLIDATED_ACCOUNTS,false,,
188,2026-04-30,,WB-2026-04,,188,I25455,MV - Leasing Costs (non personnel),180000.0,180000.0,0,WORKBOOK,,,0,,,,,RESEED_CONSOLIDATED_ACCOUNTS,false,,
189,2026-04-30,,WB-2026-04,,189,ZATL-WHT10,Withholding tax - 10%,-297675.0,0,297675.0,WORKBOOK,,,0,,,,,RESEED_CONSOLIDATED_ACCOUNTS,false,,
190,2026-05-31,,WB-2026-05,,190,B35200,Furn Accum-Depreciation,-12476.04,0,12476.04,WORKBOOK,,,0,,,,,RESEED_CONSOLIDATED_ACCOUNTS,false,,
191,2026-05-31,,WB-2026-05,,191,B35210,Equip-Cost Open Balance,1650000.0,1650000.0,0,WORKBOOK,,,0,,,,,RESEED_CONSOLIDATED_ACCOUNTS,false,,
192,2026-05-31,,WB-2026-05,,192,B35240,Equip Accum-Depr,-209944.5,0,209944.5,WORKBOOK,,,0,,,,,RESEED_CONSOLIDATED_ACCOUNTS,false,,
193,2026-05-31,,WB-2026-05,,193,B55150,Drs-Gen.Bad Debt Prov.,35186385.0,35186385.0,0,WORKBOOK,,,0,,,,,RESEED_CONSOLIDATED_ACCOUNTS,false,,
194,2026-05-31,,WB-2026-05,,194,B55340,Interest Receivable,49821.43,49821.43,0,WORKBOOK,,,0,,,,,RESEED_CONSOLIDATED_ACCOUNTS,false,,
195,2026-05-31,,WB-2026-05,,195,B55400,Drs Prepaid - Insurance Other,6255247.32,6255247.32,0,WORKBOOK,,,0,,,,,RESEED_CONSOLIDATED_ACCOUNTS,false,,
196,2026-05-31,,WB-2026-05,,196,B55422,Due to/from ZAAC TZ,2496200.0,2496200.0,0,WORKBOOK,,,0,,,,,RESEED_CONSOLIDATED_ACCOUNTS,false,,
197,2026-05-31,,WB-2026-05,,197,B55425,Due from/to ZATL,-4962400.0,0,4962400.0,WORKBOOK,,,0,,,,,RESEED_CONSOLIDATED_ACCOUNTS,false,,
198,2026-05-31,,WB-2026-05,,198,B55427,Due from/to ZAAC Zanzibar,2466200.0,2466200.0,0,WORKBOOK,,,0,,,,,RESEED_CONSOLIDATED_ACCOUNTS,false,,
199,2026-05-31,,WB-2026-05,,199,B55480,Drs-Income Control,-50855790.28,0,50855790.28,WORKBOOK,,,0,,,,,RESEED_CONSOLIDATED_ACCOUNTS,false,,
200,2026-05-31,,WB-2026-05,,200,B55570,Due to/from ZAAC,-2273490.69,0,2273490.69,WORKBOOK,,,0,,,,,RESEED_CONSOLIDATED_ACCOUNTS,false,,
201,2026-05-31,,WB-2026-05,,201,B60190,PETTY CASH - OFFICE,1660665.69,1660665.69,0,WORKBOOK,,,0,,,,,RESEED_CONSOLIDATED_ACCOUNTS,false,,
202,2026-05-31,,WB-2026-05,,202,B60260,UBA Office Account,495772.75,495772.75,0,WORKBOOK,,,0,,,,,RESEED_CONSOLIDATED_ACCOUNTS,false,,
203,2026-05-31,,WB-2026-05,,203,B65180,Debtors Prepaid other,-6997559.04,0,6997559.04,WORKBOOK,,,0,,,,,RESEED_CONSOLIDATED_ACCOUNTS,false,,
204,2026-05-31,,WB-2026-05,,204,B65200,Provision for Bad Debts,-35186385.0,0,35186385.0,WORKBOOK,,,0,,,,,RESEED_CONSOLIDATED_ACCOUNTS,false,,
205,2026-05-31,,WB-2026-05,,205,B65290,Withholding Income Tax - 5%,2195262.7,2195262.7,0,WORKBOOK,,,0,,,,,RESEED_CONSOLIDATED_ACCOUNTS,false,,
206,2026-05-31,,WB-2026-05,,206,B70220,National Social Security Fund,-160000.01,0,160000.01,WORKBOOK,,,0,,,,,RESEED_CONSOLIDATED_ACCOUNTS,false,,
207,2026-05-31,,WB-2026-05,,207,B70230,Paymaster General (PAYE,-206000.0,0,206000.0,WORKBOOK,,,0,,,,,RESEED_CONSOLIDATED_ACCOUNTS,false,,
208,2026-05-31,,WB-2026-05,,208,B70235,Salaries and Wages,-0.1,0,0.1,WORKBOOK,,,0,,,,,RESEED_CONSOLIDATED_ACCOUNTS,false,,
209,2026-05-31,,WB-2026-05,,209,B70280,Prov-Sundries,9682833.33,9682833.33,0,WORKBOOK,,,0,,,,,RESEED_CONSOLIDATED_ACCOUNTS,false,,
210,2026-05-31,,WB-2026-05,,210,B70340,CRS-Trade (Operating),-1239000.0,0,1239000.0,WORKBOOK,,,0,,,,,RESEED_CONSOLIDATED_ACCOUNTS,false,,
211,2026-05-31,,WB-2026-05,,211,B75120,Tax Provision-Other,14252400.0,14252400.0,0,WORKBOOK,,,0,,,,,RESEED_CONSOLIDATED_ACCOUNTS,false,,
212,2026-05-31,,WB-2026-05,,212,B80170,VAT Control Account,-2174312.44,0,2174312.44,WORKBOOK,,,0,,,,,RESEED_CONSOLIDATED_ACCOUNTS,false,,
213,2026-05-31,,WB-2026-05,,213,I10121,Interest Income,-49821.43,0,49821.43,WORKBOOK,,,0,,,,,RESEED_CONSOLIDATED_ACCOUNTS,false,,
214,2026-05-31,,WB-2026-05,,214,I25001,Emol.Pack-Salaries,6913037.86,6913037.86,0,WORKBOOK,,,0,,,,,RESEED_CONSOLIDATED_ACCOUNTS,false,,
215,2026-05-31,,WB-2026-05,,215,I25002,Emol.Pack-Other,1165000.0,1165000.0,0,WORKBOOK,,,0,,,,,RESEED_CONSOLIDATED_ACCOUNTS,false,,
216,2026-05-31,,WB-2026-05,,216,I25004,Emol.Pack-Pens.Contribut.,688303.79,688303.79,0,WORKBOOK,,,0,,,,,RESEED_CONSOLIDATED_ACCOUNTS,false,,
217,2026-05-31,,WB-2026-05,,217,I25012,WCA,34415.19,34415.19,0,WORKBOOK,,,0,,,,,RESEED_CONSOLIDATED_ACCOUNTS,false,,
218,2026-05-31,,WB-2026-05,,218,I25071,Prem-Cleaning,150000.0,150000.0,0,WORKBOOK,,,0,,,,,RESEED_CONSOLIDATED_ACCOUNTS,false,,
219,2026-05-31,,WB-2026-05,,219,I25072,Prem-Electricity,178000.0,178000.0,0,WORKBOOK,,,0,,,,,RESEED_CONSOLIDATED_ACCOUNTS,false,,
220,2026-05-31,,WB-2026-05,,220,I25074,Prem-Rates,220500.0,220500.0,0,WORKBOOK,,,0,,,,,RESEED_CONSOLIDATED_ACCOUNTS,false,,
221,2026-05-31,,WB-2026-05,,221,I25079,Prem-Rental(EXTERNAL),882000.0,882000.0,0,WORKBOOK,,,0,,,,,RESEED_CONSOLIDATED_ACCOUNTS,false,,
222,2026-05-31,,WB-2026-05,,222,I25114,Stationery-General,1950000.0,1950000.0,0,WORKBOOK,,,0,,,,,RESEED_CONSOLIDATED_ACCOUNTS,false,,
223,2026-05-31,,WB-2026-05,,223,I25141,Prof.Fees-Audit Fees,625000.0,625000.0,0,WORKBOOK,,,0,,,,,RESEED_CONSOLIDATED_ACCOUNTS,false,,
224,2026-05-31,,WB-2026-05,,224,I25145,Prof.Fees-Other,191666.67,191666.67,0,WORKBOOK,,,0,,,,,RESEED_CONSOLIDATED_ACCOUNTS,false,,
225,2026-05-31,,WB-2026-05,,225,I25158,Prof.Fees-Legal Non Tax Deduct,1243500.0,1243500.0,0,WORKBOOK,,,0,,,,,RESEED_CONSOLIDATED_ACCOUNTS,false,,
226,2026-05-31,,WB-2026-05,,226,I25182,Trav. Accom.,5073368.0,5073368.0,0,WORKBOOK,,,0,,,,,RESEED_CONSOLIDATED_ACCOUNTS,false,,
227,2026-05-31,,WB-2026-05,,227,I25232,Telephone-Variable,1035000.0,1035000.0,0,WORKBOOK,,,0,,,,,RESEED_CONSOLIDATED_ACCOUNTS,false,,
228,2026-05-31,,WB-2026-05,,228,I25264,Furn-Depreciation,12476.04,12476.04,0,WORKBOOK,,,0,,,,,RESEED_CONSOLIDATED_ACCOUNTS,false,,
229,2026-05-31,,WB-2026-05,,229,I25265,Equip-Depreciation,209943.5,209943.5,0,WORKBOOK,,,0,,,,,RESEED_CONSOLIDATED_ACCOUNTS,false,,
230,2026-05-31,,WB-2026-05,,230,I25291,Entertainment-(IN TOWN),257186.44,257186.44,0,WORKBOOK,,,0,,,,,RESEED_CONSOLIDATED_ACCOUNTS,false,,
231,2026-05-31,,WB-2026-05,,231,I25358,Subscriptions General,1410416.67,1410416.67,0,WORKBOOK,,,0,,,,,RESEED_CONSOLIDATED_ACCOUNTS,false,,
232,2026-05-31,,WB-2026-05,,232,I25360,Bank Charges,160390.31,160390.31,0,WORKBOOK,,,0,,,,,RESEED_CONSOLIDATED_ACCOUNTS,false,,
233,2026-05-31,,WB-2026-05,,233,I25367,Summary:Gen Exp Other,1940800.0,1940800.0,0,WORKBOOK,,,0,,,,,RESEED_CONSOLIDATED_ACCOUNTS,false,,
234,2026-05-31,,WB-2026-05,,234,I25381,Management Fees,2273490.69,2273490.69,0,WORKBOOK,,,0,,,,,RESEED_CONSOLIDATED_ACCOUNTS,false,,
235,2026-05-31,,WB-2026-05,,235,I25401,Insurance-P.I.,718195.05,718195.05,0,WORKBOOK,,,0,,,,,RESEED_CONSOLIDATED_ACCOUNTS,false,,
236,2026-05-31,,WB-2026-05,,236,I25428,Software Maintenance,13700.0,13700.0,0,WORKBOOK,,,0,,,,,RESEED_CONSOLIDATED_ACCOUNTS,false,,
237,2026-05-31,,WB-2026-05,,237,I25455,MV - Leasing Costs (non personnel),590000.0,590000.0,0,WORKBOOK,,,0,,,,,RESEED_CONSOLIDATED_ACCOUNTS,false,,
238,2026-06-30,,WB-2026-06,,238,B35200,Furn Accum-Depreciation,-12476.04,0,12476.04,WORKBOOK,,,0,,,,,RESEED_CONSOLIDATED_ACCOUNTS,false,,
239,2026-06-30,,WB-2026-06,,239,B35240,Equip Accum-Depr,-209943.5,0,209943.5,WORKBOOK,,,0,,,,,RESEED_CONSOLIDATED_ACCOUNTS,false,,
240,2026-06-30,,WB-2026-06,,240,B55340,Interest Receivable,48214.29,48214.29,0,WORKBOOK,,,0,,,,,RESEED_CONSOLIDATED_ACCOUNTS,false,,
241,2026-06-30,,WB-2026-06,,241,B55400,Drs Prepaid - Insurance Other,-695027.47,0,695027.47,WORKBOOK,,,0,,,,,RESEED_CONSOLIDATED_ACCOUNTS,false,,
242,2026-06-30,,WB-2026-06,,242,B55422,Due to/from ZAAC TZ,154500.0,154500.0,0,WORKBOOK,,,0,,,,,RESEED_CONSOLIDATED_ACCOUNTS,false,,
243,2026-06-30,,WB-2026-06,,243,B55425,Due from/to ZATL,-259000.0,0,259000.0,WORKBOOK,,,0,,,,,RESEED_CONSOLIDATED_ACCOUNTS,false,,
244,2026-06-30,,WB-2026-06,,244,B55427,Due from/to ZAAC Zanzibar,104500.0,104500.0,0,WORKBOOK,,,0,,,,,RESEED_CONSOLIDATED_ACCOUNTS,false,,
245,2026-06-30,,WB-2026-06,,245,B55480,Drs-Income Control,6050765.15,6050765.15,0,WORKBOOK,,,0,,,,,RESEED_CONSOLIDATED_ACCOUNTS,false,,
246,2026-06-30,,WB-2026-06,,246,B55570,Due to/from ZAAC,-2285958.42,0,2285958.42,WORKBOOK,,,0,,,,,RESEED_CONSOLIDATED_ACCOUNTS,false,,
247,2026-06-30,,WB-2026-06,,247,B60190,PETTY CASH - OFFICE,-2564597.09,0,2564597.09,WORKBOOK,,,0,,,,,RESEED_CONSOLIDATED_ACCOUNTS,false,,
248,2026-06-30,,WB-2026-06,,248,B60260,UBA Office Account,16019137.61,16019137.61,0,WORKBOOK,,,0,,,,,RESEED_CONSOLIDATED_ACCOUNTS,false,,
249,2026-06-30,,WB-2026-06,,249,B65180,Debtors Prepaid other,-13700.0,0,13700.0,WORKBOOK,,,0,,,,,RESEED_CONSOLIDATED_ACCOUNTS,false,,
250,2026-06-30,,WB-2026-06,,250,B65290,Withholding Income Tax - 5%,1949234.85,1949234.85,0,WORKBOOK,,,0,,,,,RESEED_CONSOLIDATED_ACCOUNTS,false,,
251,2026-06-30,,WB-2026-06,,251,B70220,National Social Security Fund,0.26,0.26,0,WORKBOOK,,,0,,,,,RESEED_CONSOLIDATED_ACCOUNTS,false,,
252,2026-06-30,,WB-2026-06,,252,B70230,Paymaster General (PAYE,-0.01,0,0.01,WORKBOOK,,,0,,,,,RESEED_CONSOLIDATED_ACCOUNTS,false,,
253,2026-06-30,,WB-2026-06,,253,B70280,Prov-Sundries,2216333.33,2216333.33,0,WORKBOOK,,,0,,,,,RESEED_CONSOLIDATED_ACCOUNTS,false,,
254,2026-06-30,,WB-2026-06,,254,B70340,CRS-Trade (Operating),-43139812.61,0,43139812.61,WORKBOOK,,,0,,,,,RESEED_CONSOLIDATED_ACCOUNTS,false,,
255,2026-06-30,,WB-2026-06,,255,B75120,Tax Provision-Other,150000.0,150000.0,0,WORKBOOK,,,0,,,,,RESEED_CONSOLIDATED_ACCOUNTS,false,,
256,2026-06-30,,WB-2026-06,,256,B80170,VAT Control Account,-102122.55,0,102122.55,WORKBOOK,,,0,,,,,RESEED_CONSOLIDATED_ACCOUNTS,false,,
257,2026-06-30,,WB-2026-06,,257,I10060,Actuarial - Once-off,-6779661.02,0,6779661.02,WORKBOOK,,,0,,,,,RESEED_CONSOLIDATED_ACCOUNTS,false,,
258,2026-06-30,,WB-2026-06,,258,I10121,Interest Income,-48214.29,0,48214.29,WORKBOOK,,,0,,,,,RESEED_CONSOLIDATED_ACCOUNTS,false,,
259,2026-06-30,,WB-2026-06,,259,I25001,Emol.Pack-Salaries,6913037.86,6913037.86,0,WORKBOOK,,,0,,,,,RESEED_CONSOLIDATED_ACCOUNTS,false,,
260,2026-06-30,,WB-2026-06,,260,I25002,Emol.Pack-Other,-1000000.0,0,1000000.0,WORKBOOK,,,0,,,,,RESEED_CONSOLIDATED_ACCOUNTS,false,,
261,2026-06-30,,WB-2026-06,,261,I25004,Emol.Pack-Pens.Contribut.,688303.79,688303.79,0,WORKBOOK,,,0,,,,,RESEED_CONSOLIDATED_ACCOUNTS,false,,
262,2026-06-30,,WB-2026-06,,262,I25012,WCA,34415.19,34415.19,0,WORKBOOK,,,0,,,,,RESEED_CONSOLIDATED_ACCOUNTS,false,,
263,2026-06-30,,WB-2026-06,,263,I25024,Welfare-General,1000000.0,1000000.0,0,WORKBOOK,,,0,,,,,RESEED_CONSOLIDATED_ACCOUNTS,false,,
264,2026-06-30,,WB-2026-06,,264,I25071,Prem-Cleaning,150000.0,150000.0,0,WORKBOOK,,,0,,,,,RESEED_CONSOLIDATED_ACCOUNTS,false,,
265,2026-06-30,,WB-2026-06,,265,I25072,Prem-Electricity,202000.0,202000.0,0,WORKBOOK,,,0,,,,,RESEED_CONSOLIDATED_ACCOUNTS,false,,
266,2026-06-30,,WB-2026-06,,266,I25074,Prem-Rates,661500.0,661500.0,0,WORKBOOK,,,0,,,,,RESEED_CONSOLIDATED_ACCOUNTS,false,,
267,2026-06-30,,WB-2026-06,,267,I25079,Prem-Rental(EXTERNAL),2646000.0,2646000.0,0,WORKBOOK,,,0,,,,,RESEED_CONSOLIDATED_ACCOUNTS,false,,
268,2026-06-30,,WB-2026-06,,268,I25080,Prem-Parking(EXTERNAL),300000.0,300000.0,0,WORKBOOK,,,0,,,,,RESEED_CONSOLIDATED_ACCOUNTS,false,,
269,2026-06-30,,WB-2026-06,,269,I25141,Prof.Fees-Audit Fees,625000.0,625000.0,0,WORKBOOK,,,0,,,,,RESEED_CONSOLIDATED_ACCOUNTS,false,,
270,2026-06-30,,WB-2026-06,,270,I25145,Prof.Fees-Other,191666.67,191666.67,0,WORKBOOK,,,0,,,,,RESEED_CONSOLIDATED_ACCOUNTS,false,,
271,2026-06-30,,WB-2026-06,,271,I25181,Trav. Air Fares,2665000.0,2665000.0,0,WORKBOOK,,,0,,,,,RESEED_CONSOLIDATED_ACCOUNTS,false,,
272,2026-06-30,,WB-2026-06,,272,I25182,Trav. Accom.,6242000.0,6242000.0,0,WORKBOOK,,,0,,,,,RESEED_CONSOLIDATED_ACCOUNTS,false,,
273,2026-06-30,,WB-2026-06,,273,I25193,Conference Attended by Us,500000.0,500000.0,0,WORKBOOK,,,0,,,,,RESEED_CONSOLIDATED_ACCOUNTS,false,,
274,2026-06-30,,WB-2026-06,,274,I25203,Bus.Advert-General,200000.0,200000.0,0,WORKBOOK,,,0,,,,,RESEED_CONSOLIDATED_ACCOUNTS,false,,
275,2026-06-30,,WB-2026-06,,275,I25264,Furn-Depreciation,12476.04,12476.04,0,WORKBOOK,,,0,,,,,RESEED_CONSOLIDATED_ACCOUNTS,false,,
276,2026-06-30,,WB-2026-06,,276,I25265,Equip-Depreciation,209943.5,209943.5,0,WORKBOOK,,,0,,,,,RESEED_CONSOLIDATED_ACCOUNTS,false,,
277,2026-06-30,,WB-2026-06,,277,I25291,Entertainment-(IN TOWN),908313.57,908313.57,0,WORKBOOK,,,0,,,,,RESEED_CONSOLIDATED_ACCOUNTS,false,,
278,2026-06-30,,WB-2026-06,,278,I25360,Bank Charges,223285.0,223285.0,0,WORKBOOK,,,0,,,,,RESEED_CONSOLIDATED_ACCOUNTS,false,,
279,2026-06-30,,WB-2026-06,,279,I25367,Summary:Gen Exp Other,675000.0,675000.0,0,WORKBOOK,,,0,,,,,RESEED_CONSOLIDATED_ACCOUNTS,false,,
280,2026-06-30,,WB-2026-06,,280,I25381,Management Fees,2285958.42,2285958.42,0,WORKBOOK,,,0,,,,,RESEED_CONSOLIDATED_ACCOUNTS,false,,
281,2026-06-30,,WB-2026-06,,281,I25401,Insurance-P.I.,695027.47,695027.47,0,WORKBOOK,,,0,,,,,RESEED_CONSOLIDATED_ACCOUNTS,false,,
282,2026-06-30,,WB-2026-06,,282,I25428,Software Maintenance,13700.0,13700.0,0,WORKBOOK,,,0,,,,,RESEED_CONSOLIDATED_ACCOUNTS,false,,
283,2026-06-30,,WB-2026-06,,283,I25455,MV - Leasing Costs (non personnel),2375200.0,2375200.0,0,WORKBOOK,,,0,,,,,RESEED_CONSOLIDATED_ACCOUNTS,false,,
284,2026-07-31,,WB-2026-07,,284,B35200,Furn Accum-Depreciation,-12476.04,0,12476.04,WORKBOOK,,,0,,,,,RESEED_CONSOLIDATED_ACCOUNTS,false,,
285,2026-07-31,,WB-2026-07,,285,B35240,Equip Accum-Depr,-209943.5,0,209943.5,WORKBOOK,,,0,,,,,RESEED_CONSOLIDATED_ACCOUNTS,false,,
286,2026-07-31,,WB-2026-07,,286,B55340,Interest Receivable,49821.43,49821.43,0,WORKBOOK,,,0,,,,,RESEED_CONSOLIDATED_ACCOUNTS,false,,
287,2026-07-31,,WB-2026-07,,287,B55400,Drs Prepaid - Insurance Other,-718195.05,0,718195.05,WORKBOOK,,,0,,,,,RESEED_CONSOLIDATED_ACCOUNTS,false,,
288,2026-07-31,,WB-2026-07,,288,B55422,Due to/from ZAAC TZ,2766000.0,2766000.0,0,WORKBOOK,,,0,,,,,RESEED_CONSOLIDATED_ACCOUNTS,false,,
289,2026-07-31,,WB-2026-07,,289,B55425,Due from/to ZATL,-5480000.0,0,5480000.0,WORKBOOK,,,0,,,,,RESEED_CONSOLIDATED_ACCOUNTS,false,,
290,2026-07-31,,WB-2026-07,,290,B55427,Due from/to ZAAC Zanzibar,2714000.0,2714000.0,0,WORKBOOK,,,0,,,,,RESEED_CONSOLIDATED_ACCOUNTS,false,,
291,2026-07-31,,WB-2026-07,,291,B55480,Drs-Income Control,-23928512.5,0,23928512.5,WORKBOOK,,,0,,,,,RESEED_CONSOLIDATED_ACCOUNTS,false,,
292,2026-07-31,,WB-2026-07,,292,B55570,Due to/from ZAAC,-2308813.06,0,2308813.06,WORKBOOK,,,0,,,,,RESEED_CONSOLIDATED_ACCOUNTS,false,,
293,2026-07-31,,WB-2026-07,,293,B60190,PETTY CASH - OFFICE,5863735.59,5863735.59,0,WORKBOOK,,,0,,,,,RESEED_CONSOLIDATED_ACCOUNTS,false,,
294,2026-07-31,,WB-2026-07,,294,B60260,UBA Office Account,-39742112.39,0,39742112.39,WORKBOOK,,,0,,,,,RESEED_CONSOLIDATED_ACCOUNTS,false,,
295,2026-07-31,,WB-2026-07,,295,B65180,Debtors Prepaid other,-13700.0,0,13700.0,WORKBOOK,,,0,,,,,RESEED_CONSOLIDATED_ACCOUNTS,false,,
296,2026-07-31,,WB-2026-07,,296,B65290,Withholding Income Tax - 5%,338983.05,338983.05,0,WORKBOOK,,,0,,,,,RESEED_CONSOLIDATED_ACCOUNTS,false,,
297,2026-07-31,,WB-2026-07,,297,B70220,National Social Security Fund,1376607.0,1376607.0,0,WORKBOOK,,,0,,,,,RESEED_CONSOLIDATED_ACCOUNTS,false,,
298,2026-07-31,,WB-2026-07,,298,B70280,Prov-Sundries,6048918.14,6048918.14,0,WORKBOOK,,,0,,,,,RESEED_CONSOLIDATED_ACCOUNTS,false,,
299,2026-07-31,,WB-2026-07,,299,B70340,CRS-Trade (Operating),44422307.61,44422307.61,0,WORKBOOK,,,0,,,,,RESEED_CONSOLIDATED_ACCOUNTS,false,,
300,2026-07-31,,WB-2026-07,,300,B80170,VAT Control Account,141309.61,141309.61,0,WORKBOOK,,,0,,,,,RESEED_CONSOLIDATED_ACCOUNTS,false,,
301,2026-07-31,,WB-2026-07,,301,I10060,Actuarial - Once-off,-13000000.0,0,13000000.0,WORKBOOK,,,0,,,,,RESEED_CONSOLIDATED_ACCOUNTS,false,,
302,2026-07-31,,WB-2026-07,,302,I10121,Interest Income,-49821.43,0,49821.43,WORKBOOK,,,0,,,,,RESEED_CONSOLIDATED_ACCOUNTS,false,,
303,2026-07-31,,WB-2026-07,,303,I25001,Emol.Pack-Salaries,6913037.85,6913037.85,0,WORKBOOK,,,0,,,,,RESEED_CONSOLIDATED_ACCOUNTS,false,,
304,2026-07-31,,WB-2026-07,,304,I25002,Emol.Pack-Other,330000.0,330000.0,0,WORKBOOK,,,0,,,,,RESEED_CONSOLIDATED_ACCOUNTS,false,,
305,2026-07-31,,WB-2026-07,,305,I25004,Emol.Pack-Pens.Contribut.,688303.79,688303.79,0,WORKBOOK,,,0,,,,,RESEED_CONSOLIDATED_ACCOUNTS,false,,
306,2026-07-31,,WB-2026-07,,306,I25012,WCA,34415.19,34415.19,0,WORKBOOK,,,0,,,,,RESEED_CONSOLIDATED_ACCOUNTS,false,,
307,2026-07-31,,WB-2026-07,,307,I25071,Prem-Cleaning,150000.0,150000.0,0,WORKBOOK,,,0,,,,,RESEED_CONSOLIDATED_ACCOUNTS,false,,
308,2026-07-31,,WB-2026-07,,308,I25072,Prem-Electricity,210000.0,210000.0,0,WORKBOOK,,,0,,,,,RESEED_CONSOLIDATED_ACCOUNTS,false,,
309,2026-07-31,,WB-2026-07,,309,I25141,Prof.Fees-Audit Fees,625000.0,625000.0,0,WORKBOOK,,,0,,,,,RESEED_CONSOLIDATED_ACCOUNTS,false,,
310,2026-07-31,,WB-2026-07,,310,I25142,Prof.Fees-Directors Fees,3750000.0,3750000.0,0,WORKBOOK,,,0,,,,,RESEED_CONSOLIDATED_ACCOUNTS,false,,
311,2026-07-31,,WB-2026-07,,311,I25145,Prof.Fees-Other,191666.67,191666.67,0,WORKBOOK,,,0,,,,,RESEED_CONSOLIDATED_ACCOUNTS,false,,
312,2026-07-31,,WB-2026-07,,312,I25182,Trav. Accom.,3548750.0,3548750.0,0,WORKBOOK,,,0,,,,,RESEED_CONSOLIDATED_ACCOUNTS,false,,
313,2026-07-31,,WB-2026-07,,313,I25264,Furn-Depreciation,12476.04,12476.04,0,WORKBOOK,,,0,,,,,RESEED_CONSOLIDATED_ACCOUNTS,false,,
314,2026-07-31,,WB-2026-07,,314,I25265,Equip-Depreciation,209943.5,209943.5,0,WORKBOOK,,,0,,,,,RESEED_CONSOLIDATED_ACCOUNTS,false,,
315,2026-07-31,,WB-2026-07,,315,I25291,Entertainment-(IN TOWN),338203.39,338203.39,0,WORKBOOK,,,0,,,,,RESEED_CONSOLIDATED_ACCOUNTS,false,,
316,2026-07-31,,WB-2026-07,,316,I25360,Bank Charges,340187.0,340187.0,0,WORKBOOK,,,0,,,,,RESEED_CONSOLIDATED_ACCOUNTS,false,,
317,2026-07-31,,WB-2026-07,,317,I25367,Summary:Gen Exp Other,724600.0,724600.0,0,WORKBOOK,,,0,,,,,RESEED_CONSOLIDATED_ACCOUNTS,false,,
318,2026-07-31,,WB-2026-07,,318,I25381,Management Fees,2308813.06,2308813.06,0,WORKBOOK,,,0,,,,,RESEED_CONSOLIDATED_ACCOUNTS,false,,
319,2026-07-31,,WB-2026-07,,319,I25401,Insurance-P.I.,718195.05,718195.05,0,WORKBOOK,,,0,,,,,RESEED_CONSOLIDATED_ACCOUNTS,false,,
320,2026-07-31,,WB-2026-07,,320,I25428,Software Maintenance,13700.0,13700.0,0,WORKBOOK,,,0,,,,,RESEED_CONSOLIDATED_ACCOUNTS,false,,
321,2026-07-31,,WB-2026-07,,321,I25455,MV - Leasing Costs (non personnel),634600.0,634600.0,0,WORKBOOK,,,0,,,,,RESEED_CONSOLIDATED_ACCOUNTS,false,,
322,2026-07-31,,WB-2026-07,,322,ZATL-PROFIT,Profit,-9334094.78,0,9334094.78,WORKBOOK,,,0,,,,,RESEED_CONSOLIDATED_ACCOUNTS,false,,
